4,1,-3,1
5,1,-4,1
6,1,-5,1
7,2,-4,1
7,1,-6,1
8,1,-3,1
8,1,-7,1
9,1,-8,1
9,5,-10,2
10,1,-9,1
11,3,-6,1
11,1,-10,1
11,3,-12,4
12,3,-5,1
12,1,-11,1
13,1,-12,1
13,7,-14,2
14,1,-13,1
14,5,-15,3
15,1,-4,1
15,4,-8,1
15,1,-14,1
15,11,-18,3
16,1,-15,1
16,7,-19,5
17,2,-6,1
17,1,-16,1
17,9,-18,2
18,1,-17,1
18,13,-21,3
19,1,-3,1
19,4,-6,1
19,5,-10,1
19,1,-18,1
19,5,-20,4
20,1,-19,1
20,7,-21,3
21,5,-8,1
21,1,-20,1
21,5,-24,9
21,11,-22,2
21,9,-24,5
22,1,-21,1
23,6,-12,1
23,3,-12,2
23,1,-22,1
23,19,-28,4
23,8,-24,3
23,7,-26,7
24,1,-5,1
24,1,-23,1
24,17,-27,3
25,1,-24,1
25,13,-26,2
26,3,-9,1
26,1,-25,1
26,11,-29,5
26,5,-29,11
27,7,-14,1
27,11,-16,2
27,1,-26,1
27,4,-28,7
27,19,-30,3
27,11,-32,8
28,5,-7,1
28,1,-27,1
28,13,-33,7
29,1,-28,1
29,15,-30,2
29,10,-30,3
29,6,-30,5
30,7,-11,1
30,1,-29,1
30,9,-33,7
30,7,-33,9
31,2,-8,1
31,8,-16,1
31,5,-18,5
31,1,-30,1
31,13,-34,5
31,25,-36,4
31,5,-34,13
32,1,-31,1
32,11,-33,3
33,1,-32,1
33,17,-34,2
33,23,-36,3
33,29,-40,5
34,1,-33,1
34,7,-35,5
35,2,-4,1
35,1,-6,1
35,7,-10,1
35,4,-12,1
35,9,-18,1
35,4,-20,7
35,1,-34,1
35,7,-40,16
35,4,-36,9
35,16,-40,7
36,1,-35,1
36,15,-39,5
36,25,-39,3
36,5,-39,15
37,1,-36,1
37,11,-40,7
37,19,-38,2
37,7,-40,11
38,1,-37,1
38,13,-39,3
38,33,-45,5
38,11,-43,11
39,6,-8,1
39,3,-8,2
39,9,-14,1
39,3,-14,3
39,10,-20,1
39,2,-20,5
39,1,-38,1
39,31,-44,4
39,27,-48,8
39,5,-40,8
40,1,-39,1
40,17,-49,13
41,1,-40,1
41,5,-44,17
41,14,-42,3
41,17,-44,5
41,6,-42,7
41,10,-46,13
41,21,-42,2
41,13,-46,10
42,1,-41,1
42,19,-47,7
42,29,-45,3
42,7,-47,19
43,11,-22,1
43,17,-24,2
43,1,-42,1
43,4,-44,11
43,37,-50,5
43,17,-48,8
44,5,-15,1
44,7,-17,3
44,1,-43,1
44,7,-47,13
44,5,-45,9
44,13,-47,7
45,1,-44,1
45,23,-46,2
45,31,-48,3
45,41,-54,6
46,1,-45,1
46,19,-49,5
46,5,-49,19
47,4,-7,1
47,3,-12,1
47,12,-24,1
47,3,-24,4
47,1,-46,1
47,37,-52,4
47,3,-48,16
47,31,-60,12
48,1,-3,1
48,1,-7,1
48,11,-17,1
48,1,-47,1
48,11,-51,9
48,41,-55,5
48,9,-51,11
49,2,-10,1
49,1,-48,1
49,7,-54,22
49,11,-54,14
49,25,-50,2
49,14,-54,11
49,22,-54,7
50,1,-49,1
50,17,-51,3
51,10,-14,1
51,5,-14,2
51,13,-26,1
51,5,-28,8
51,23,-30,3
51,8,-28,5
51,1,-50,1
51,15,-54,7
51,12,-60,23
51,7,-54,15
51,4,-52,13
51,21,-54,5
51,35,-54,3
51,5,-54,21
52,7,-9,1
52,1,-51,1
52,17,-59,13
52,13,-59,17
53,1,-4,1
53,9,-12,1
53,6,-18,1
53,3,-18,2
53,1,-52,1
53,22,-62,13
53,9,-60,25
53,27,-54,2
53,25,-60,9
53,13,-62,22
54,1,-53,1
54,37,-57,3
54,11,-55,5
54,13,-59,13
55,14,-28,1
55,7,-28,2
55,1,-54,1
55,43,-60,4
55,37,-64,8
55,8,-56,7
56,1,-55,1
56,23,-59,5
56,25,-61,7
56,3,-57,19
56,7,-61,25
56,5,-59,23
57,13,-20,1
57,17,-22,2
57,1,-56,1
57,18,-66,17
57,9,-60,13
57,29,-58,2
57,13,-60,9
57,17,-66,18
58,1,-57,1
58,7,-61,17
58,49,-65,5
58,17,-61,7
59,15,-30,1
59,23,-32,2
59,5,-30,3
59,19,-36,6
59,1,-58,1
59,4,-60,15
59,8,-64,23
59,55,-70,7
59,3,-60,20
59,12,-60,5
59,11,-62,11
59,24,-72,19
60,1,-59,1
60,17,-65,11
60,41,-63,3
60,11,-65,17
61,1,-60,1
61,19,-66,10
61,25,-64,5
61,31,-62,2
61,5,-64,25
61,10,-66,19
62,7,-21,1
62,1,-61,1
62,29,-69,9
62,7,-63,9
62,9,-69,29
63,1,-8,1
63,5,-10,2
63,4,-16,1
63,3,-18,7
63,16,-32,1
63,28,-36,3
63,21,-36,4
63,7,-34,7
63,1,-62,1
63,44,-76,11
63,49,-68,4
63,11,-76,44
63,43,-66,3
63,7,-68,28
63,53,-70,5
63,28,-68,7
64,1,-63,1
64,31,-73,11
64,13,-65,5
64,43,-83,17
65,1,-64,1
65,21,-72,13
65,6,-66,11
65,13,-72,21
65,22,-66,3
65,19,-68,7
65,33,-66,2
65,7,-68,19
66,15,-23,1
66,3,-23,5
66,5,-23,3
66,1,-65,1
66,27,-75,13
66,27,-69,5
66,61,-77,7
66,5,-69,27
66,13,-75,27
67,2,-5,1
67,8,-10,1
67,13,-18,1
67,17,-34,1
67,4,-36,13
67,1,-66,1
67,13,-72,16
67,17,-68,4
67,16,-72,13
68,1,-67,1
68,23,-69,3
68,57,-75,5
68,15,-75,19
69,1,-68,1
69,35,-70,2
69,47,-72,3
69,61,-78,6
69,14,-70,5
69,10,-70,7
69,17,-76,17
69,21,-84,29
70,1,-69,1
70,31,-75,7
70,13,-73,11
70,11,-73,13
70,7,-75,31
71,2,-12,1
71,5,-14,3
71,8,-24,1
71,3,-26,11
71,15,-28,4
71,11,-26,3
71,18,-36,1
71,11,-38,5
71,2,-36,9
71,5,-38,11
71,1,-70,1
71,5,-74,29
71,47,-80,8
71,29,-74,5
71,55,-76,4
71,11,-76,20
71,9,-72,8
71,20,-76,11
72,1,-71,1
72,21,-75,7
72,49,-75,3
72,7,-75,21
73,1,-72,1
73,37,-74,2
73,61,-80,5
73,67,-84,7
74,3,-15,1
74,1,-73,1
74,17,-83,23
74,51,-87,11
74,3,-75,25
74,11,-87,51
74,23,-83,17
75,11,-14,1
75,17,-26,1
75,4,-28,11
75,19,-38,1
75,9,-42,11
75,29,-40,2
75,11,-42,9
75,1,-74,1
75,17,-78,9
75,71,-88,8
75,9,-78,17
75,4,-76,19
75,36,-84,11
75,8,-80,29
75,11,-84,36
76,1,-75,1
76,31,-79,5
76,23,-89,25
76,7,-77,11
76,25,-89,23
76,5,-79,31
77,1,-76,1
77,7,-82,34
77,26,-78,3
77,34,-82,7
77,6,-78,13
77,17,-82,14
77,39,-78,2
77,14,-82,17
78,13,-17,1
78,1,-77,1
78,25,-85,13
78,31,-91,19
78,53,-81,3
78,19,-91,31
78,13,-85,25
79,5,-20,1
79,13,-22,2
79,20,-40,1
79,8,-44,13
79,5,-40,4
79,13,-44,8
79,1,-78,1
79,13,-88,32
79,49,-96,16
79,32,-88,13
79,61,-84,4
79,7,-82,23
79,5,-80,16
79,23,-82,7
80,1,-9,1
80,9,-27,1
80,11,-33,9
80,1,-79,1
80,19,-85,13
80,37,-87,9
80,73,-91,7
80,9,-87,37
80,13,-85,19
81,1,-80,1
81,33,-84,5
81,25,-86,10
81,41,-82,2
81,10,-86,25
81,5,-84,33
81,55,-84,3
81,11,-84,15
81,17,-100,53
81,71,-90,6
81,53,-100,17
81,15,-84,11
82,1,-81,1
82,11,-87,23
82,23,-87,11
83,4,-11,1
83,2,-11,2
83,16,-22,1
83,13,-24,3
83,21,-42,1
83,39,-48,4
83,3,-42,7
83,12,-48,13
83,1,-82,1
83,4,-84,21
83,69,-90,5
83,39,-96,16
83,28,-84,3
83,12,-84,7
83,15,-90,23
83,13,-86,13
84,9,-11,1
84,3,-11,3
84,19,-29,1
84,7,-31,7
84,1,-83,1
84,37,-89,7
84,9,-87,19
84,5,-85,17
84,19,-87,9
84,7,-89,37
85,1,-84,1
85,58,-98,11
85,43,-86,2
85,11,-98,58
86,1,-85,1
86,17,-93,21
86,5,-89,35
86,11,-95,41
86,25,-89,7
86,29,-87,3
86,7,-89,25
86,41,-95,11
86,35,-89,5
86,21,-93,17
87,22,-44,1
87,11,-44,2
87,38,-48,3
87,19,-48,6
87,1,-86,1
87,67,-92,4
87,8,-88,11
87,57,-96,8
87,79,-98,7
87,59,-90,3
87,19,-94,19
87,56,-112,23
88,1,-87,1
88,43,-99,13
88,73,-95,5
88,41,-111,29
89,10,-30,1
89,5,-30,2
89,1,-88,1
89,41,-96,9
89,10,-90,9
89,9,-96,41
89,5,-90,18
89,37,-102,18
89,45,-90,2
89,18,-102,37
90,1,-89,1
90,61,-93,3
90,13,-91,7
90,37,-105,21
91,23,-46,1
91,5,-48,14
91,7,-48,10
91,35,-48,2
91,10,-48,7
91,14,-48,5
91,1,-90,1
91,5,-94,37
91,40,-96,7
91,8,-96,35
91,7,-96,40
91,37,-94,5
91,85,-104,8
91,17,-100,28
91,29,-98,13
91,4,-92,23
91,13,-98,29
91,28,-100,17
92,1,-91,1
92,13,-101,37
92,11,-95,17
92,3,-93,31
92,17,-95,11
92,37,-101,13
93,21,-32,1
93,7,-32,3
93,9,-34,6
93,27,-34,2
93,6,-34,9
93,3,-32,7
93,1,-92,1
93,27,-96,7
93,26,-98,11
93,77,-100,5
93,11,-98,26
93,7,-96,27
93,47,-94,2
93,65,-110,14
93,13,-98,22
93,89,-108,9
93,22,-98,13
93,14,-110,65
94,1,-93,1
94,85,-105,7
94,19,-95,5
94,17,-99,17
95,6,-24,1
95,3,-24,2
95,24,-48,1
95,31,-52,4
95,29,-56,8
95,3,-48,8
95,1,-94,1
95,31,-104,16
95,73,-100,4
95,16,-104,31
95,3,-96,32
95,19,-110,43
95,59,-108,12
95,43,-110,19
96,1,-95,1
96,39,-99,5
96,65,-109,11
96,15,-99,13
96,65,-99,3
96,13,-99,15
96,11,-109,65
96,5,-99,39
97,2,-14,1
97,1,-96,1
97,11,-106,46
97,38,-110,19
97,23,-106,22
97,49,-98,2
97,22,-106,23
97,19,-110,38
97,46,-106,11
98,11,-33,1
98,3,-35,15
98,5,-35,9
98,15,-35,3
98,1,-97,1
98,43,-103,7
98,29,-113,29
98,7,-103,43
98,81,-105,5
98,63,-117,17
98,9,-99,11
98,17,-117,63
99,3,-6,1
99,1,-10,1
99,3,-12,4
99,4,-20,1
99,16,-24,3
99,19,-26,1
99,23,-28,2
99,25,-50,1
99,8,-56,23
99,4,-52,19
99,43,-54,3
99,1,-98,1
99,32,-112,23
99,4,-100,25
99,23,-112,32
99,67,-102,3
99,19,-104,16
99,12,-108,43
99,16,-104,19
100,1,-99,1
100,29,-103,7
100,43,-123,31
100,7,-103,29
101,13,-16,1
101,10,-18,3
101,1,-100,1
101,13,-112,49
101,30,-114,25
101,51,-102,2
101,25,-114,30
101,49,-112,13
101,34,-102,3
101,41,-104,5
101,31,-106,10
101,6,-102,17
101,10,-106,31
101,5,-104,41
102,23,-35,1
102,1,-101,1
102,23,-105,9
102,97,-117,9
102,9,-105,23
103,10,-12,1
103,5,-12,2
103,17,-22,1
103,8,-24,5
103,26,-52,1
103,17,-64,22
103,2,-52,13
103,34,-64,11
103,1,-102,1
103,25,-110,17
103,79,-108,4
103,17,-110,25
103,67,-112,8
103,19,-106,11
103,8,-104,13
103,11,-106,19
104,1,-103,1
104,29,-109,11
104,5,-105,21
104,11,-109,29
104,15,-105,7
104,13,-111,33
104,3,-105,35
104,33,-111,13
105,1,-104,1
105,21,-114,26
105,13,-114,42
105,53,-106,2
105,42,-114,13
105,26,-114,21
105,71,-108,3
105,46,-110,7
105,14,-110,23
105,91,-114,6
105,23,-110,14
105,7,-110,46
106,1,-105,1
106,43,-109,5
106,25,-111,13
106,23,-113,19
106,19,-113,23
106,13,-111,25
106,5,-109,43
107,3,-18,1
107,11,-20,2
107,12,-36,1
107,3,-36,4
107,7,-38,7
107,11,-40,8
107,27,-54,1
107,37,-62,7
107,9,-60,22
107,41,-56,2
107,22,-60,9
107,7,-62,37
107,1,-106,1
107,43,-126,27
107,49,-114,9
107,4,-108,27
107,9,-114,49
107,27,-126,43
107,99,-120,8
107,31,-110,7
107,72,-120,11
107,8,-112,41
107,11,-120,72
107,7,-110,31
108,1,-107,1
108,51,-117,11
108,89,-115,5
108,11,-117,51
108,97,-119,7
108,33,-117,17
108,73,-111,3
108,17,-117,33
109,1,-108,1
109,26,-122,31
109,10,-110,11
109,31,-122,26
109,22,-110,5
109,13,-112,17
109,55,-110,2
109,17,-112,13
110,1,-109,1
110,69,-135,23
110,37,-111,3
110,23,-135,69
111,1,-5,1
111,4,-10,1
111,9,-15,1
111,16,-20,1
111,12,-24,5
111,7,-28,1
111,4,-30,9
111,9,-30,4
111,25,-38,1
111,35,-42,3
111,5,-38,5
111,15,-42,7
111,28,-56,1
111,17,-58,5
111,9,-60,16
111,4,-56,7
111,16,-60,9
111,5,-58,17
111,1,-110,1
111,17,-116,20
111,25,-114,9
111,7,-112,16
111,9,-114,25
111,20,-116,17
111,67,-128,16
111,27,-126,35
111,45,-114,5
111,85,-116,4
111,5,-114,45
111,35,-126,27
112,1,-111,1
112,19,-123,37
112,49,-117,7
112,47,-129,23
112,7,-117,49
112,37,-123,19
113,1,-112,1
113,57,-114,2
113,38,-114,3
113,6,-114,19
113,93,-120,5
113,109,-130,10
113,15,-120,31
113,37,-132,33
114,1,-113,1
114,33,-117,7
114,21,-117,11
114,77,-117,3
114,11,-117,21
114,7,-117,33
114,23,-115,5
114,19,-129,51
114,55,-125,13
114,91,-135,15
114,13,-125,55
114,51,-129,19
115,22,-30,1
115,11,-30,2
115,29,-58,1
115,8,-60,11
115,53,-64,4
115,11,-60,8
115,1,-114,1
115,73,-134,17
115,103,-126,7
115,17,-134,73
115,4,-116,29
115,32,-120,11
115,16,-128,53
115,11,-120,32
116,13,-39,1
116,19,-43,5
116,1,-115,1
116,47,-119,5
116,9,-123,53
116,19,-129,45
116,9,-117,13
116,45,-129,19
116,53,-123,9
116,5,-119,47
117,1,-116,1
117,37,-124,13
117,59,-118,2
117,13,-124,37
117,79,-120,3
117,29,-140,53
117,101,-126,6
117,53,-140,29
118,1,-117,1
118,47,-127,13
118,19,-123,19
118,13,-127,47
118,97,-125,5
118,79,-131,11
118,7,-119,17
118,11,-131,79
119,30,-60,1
119,14,-64,11
119,6,-60,5
119,11,-64,14
119,10,-60,3
119,7,-62,13
119,2,-60,15
119,13,-62,7
119,1,-118,1
119,55,-150,39
119,71,-140,20
119,39,-150,55
119,24,-120,5
119,11,-128,56
119,91,-124,4
119,56,-128,11
119,3,-120,40
119,28,-124,13
119,77,-128,8
119,13,-124,28
119,8,-120,15
119,52,-124,7
119,73,-132,12
119,7,-124,52
120,3,-5,1
120,1,-11,1
120,27,-41,1
120,9,-41,3
120,3,-41,9
120,1,-119,1
120,27,-129,23
120,29,-127,17
120,113,-135,9
120,17,-127,29
120,23,-129,27
121,1,-120,1
121,7,-124,35
121,49,-124,5
121,37,-126,10
121,83,-138,14
121,61,-122,2
121,14,-138,83
121,10,-126,37
121,5,-124,49
121,35,-124,7
122,1,-121,1
122,39,-135,23
122,83,-147,21
122,23,-135,39
122,109,-133,7
122,13,-125,19
122,41,-123,3
122,19,-125,13
123,31,-62,1
123,47,-64,2
123,53,-66,3
123,59,-70,5
123,1,-122,1
123,4,-124,31
123,113,-136,8
123,47,-128,8
123,12,-132,53
123,83,-126,3
123,20,-140,59
123,101,-130,5
124,1,-3,1
124,11,-13,1
124,5,-25,1
124,1,-123,1
124,25,-135,31
124,41,-141,29
124,29,-141,41
124,31,-135,25
125,14,-42,1
125,17,-46,6
125,19,-44,3
125,2,-42,7
125,3,-44,19
125,6,-46,17
125,1,-124,1
125,11,-128,23
125,81,-150,22
125,63,-126,2
125,22,-150,81
125,23,-128,11
125,18,-126,7
125,27,-132,19
125,17,-134,38
125,9,-126,14
125,38,-134,17
125,19,-132,27
126,1,-125,1
126,55,-131,7
126,5,-129,51
126,11,-131,35
126,25,-139,37
126,17,-129,15
126,31,-135,21
126,85,-129,3
126,21,-135,31
126,15,-129,17
126,37,-139,25
126,35,-131,11
126,51,-129,5
126,7,-131,55
127,2,-16,1
127,8,-32,1
127,19,-36,4
127,32,-64,1
127,19,-72,16
127,41,-68,4
127,16,-72,19
127,1,-126,1
127,13,-138,61
127,41,-136,16
127,29,-142,37
127,97,-132,4
127,37,-142,29
127,16,-136,41
127,61,-138,13
128,21,-27,1
128,7,-27,3
128,1,-127,1
128,23,-133,17
128,25,-135,21
128,37,-131,7
128,49,-145,25
128,43,-129,3
128,25,-145,49
128,7,-131,37
128,21,-135,25
128,17,-133,23
129,29,-44,1
129,37,-46,2
129,34,-50,5
129,10,-50,17
129,1,-128,1
129,9,-132,29
129,121,-144,9
129,29,-132,9
129,65,-130,2
129,37,-138,18
129,115,-140,7
129,18,-138,37
129,41,-152,41
129,86,-142,11
129,5,-130,26
129,11,-142,86
129,23,-136,23
129,17,-150,90
129,13,-130,10
129,90,-150,17
130,1,-129,1
130,11,-139,61
130,13,-137,41
130,41,-137,13
130,61,-139,11
131,15,-18,1
131,5,-18,3
131,25,-34,1
131,4,-36,15
131,5,-34,5
131,20,-36,3
131,33,-66,1
131,15,-72,16
131,25,-68,4
131,16,-72,15
131,13,-70,13
131,5,-68,20
131,3,-66,11
131,20,-68,5
131,1,-130,1
131,64,-144,15
131,25,-136,16
131,55,-154,31
131,33,-132,4
131,31,-154,55
131,16,-136,25
131,15,-144,64
131,11,-132,12
131,43,-142,19
131,52,-140,13
131,5,-134,53
131,3,-132,44
131,53,-134,5
131,13,-140,52
131,19,-142,43
132,1,-131,1
132,31,-137,13
132,89,-135,3
132,13,-137,31
132,19,-133,7
132,17,-151,83
132,21,-147,53
132,83,-151,17
133,1,-132,1
133,58,-138,7
133,14,-138,29
133,67,-134,2
133,29,-138,14
133,7,-138,58
133,109,-140,5
133,82,-158,23
133,59,-148,19
133,127,-150,10
133,19,-148,59
133,23,-158,82
134,15,-45,1
134,5,-45,3
134,1,-133,1
134,53,-153,27
134,9,-141,61
134,5,-135,27
134,61,-141,9
134,27,-153,53
135,34,-68,1
135,7,-76,46
135,17,-68,2
135,46,-76,7
135,58,-72,3
135,13,-74,19
135,29,-72,6
135,19,-74,13
135,1,-134,1
135,23,-152,56
135,87,-144,8
135,56,-152,23
135,8,-136,17
135,39,-138,7
135,103,-140,4
135,7,-138,39
135,91,-138,3
135,52,-148,19
135,29,-144,24
135,19,-148,52
135,107,-168,24
135,13,-138,21
135,131,-154,11
135,21,-138,13
136,1,-135,1
136,55,-139,5
136,11,-139,25
136,55,-161,35
136,121,-147,7
136,35,-161,55
136,25,-139,11
136,5,-139,55
137,1,-136,1
137,33,-144,17
137,11,-142,38
137,3,-138,46
137,38,-142,11
137,17,-144,33
137,23,-138,6
137,19,-142,22
137,57,-162,34
137,69,-138,2
137,34,-162,57
137,22,-142,19
138,31,-47,1
138,43,-51,3
138,1,-137,1
138,27,-153,43
138,9,-141,31
138,113,-145,5
138,31,-141,9
138,43,-153,27
139,35,-70,1
139,53,-72,2
139,7,-70,5
139,41,-80,10
139,1,-138,1
139,4,-140,35
139,127,-152,8
139,53,-144,8
139,5,-140,28
139,20,-140,7
139,85,-170,29
139,40,-160,41
140,1,-139,1
140,33,-153,31
140,7,-145,61
140,13,-151,67
140,93,-153,11
140,3,-141,47
140,11,-153,93
140,67,-151,13
140,61,-145,7
140,31,-153,33
141,1,-140,1
141,19,-144,15
141,11,-150,66
141,43,-146,10
141,121,-150,6
141,10,-146,43
141,66,-150,11
141,15,-144,19
141,95,-144,3
141,57,-144,5
141,33,-150,22
141,30,-174,89
141,71,-142,2
141,89,-174,30
141,22,-150,33
141,5,-144,57
142,1,-141,1
142,41,-145,7
142,43,-151,17
142,13,-143,11
142,17,-151,43
142,7,-145,41
143,1,-12,1
143,7,-14,2
143,4,-24,1
143,8,-28,7
143,9,-36,1
143,9,-42,14
143,5,-40,17
143,23,-38,2
143,16,-48,1
143,29,-52,4
143,32,-56,7
143,5,-50,13
143,36,-72,1
143,29,-78,9
143,4,-72,9
143,9,-78,29
143,68,-80,5
143,8,-76,23
143,20,-80,17
143,23,-76,8
143,1,-142,1
143,9,-150,65
143,16,-144,9
143,65,-150,9
143,85,-160,16
143,19,-170,115
143,109,-148,4
143,115,-170,19
143,127,-154,7
143,32,-152,23
143,17,-146,17
143,23,-152,32
143,43,-166,43
143,13,-150,45
143,117,-150,5
143,45,-150,13
144,1,-143,1
144,57,-153,13
144,5,-145,29
144,13,-153,57
144,113,-165,15
144,19,-151,31
144,97,-147,3
144,31,-151,19
145,1,-144,1
145,34,-150,13
145,46,-158,23
145,26,-150,17
145,73,-146,2
145,17,-150,26
145,23,-158,46
145,13,-150,34
146,3,-21,1
146,5,-23,5
146,1,-145,1
146,65,-169,29
146,17,-167,101
146,3,-147,49
146,101,-167,17
146,29,-169,65
146,47,-165,33
146,15,-159,71
146,59,-149,5
146,141,-165,11
146,5,-149,59
146,71,-159,15
147,3,-7,1
147,12,-14,1
147,4,-14,3
147,3,-14,4
147,7,-19,1
147,21,-26,1
147,3,-26,7
147,7,-26,3
147,28,-38,1
147,7,-38,4
147,4,-38,7
147,33,-50,1
147,3,-50,11
147,12,-52,7
147,4,-52,21
147,7,-52,12
147,11,-50,3
147,37,-74,1
147,7,-76,16
147,47,-86,11
147,67,-80,4
147,11,-86,47
147,16,-76,7
147,1,-146,1
147,27,-150,11
147,44,-172,47
147,4,-148,37
147,47,-172,44
147,11,-150,27
147,16,-160,67
147,64,-152,7
147,27,-156,28
147,137,-162,9
147,28,-156,27
147,7,-152,64
148,1,-147,1
148,23,-151,13
148,121,-155,5
148,13,-151,23
148,73,-163,17
148,41,-153,11
148,37,-169,47
148,11,-153,41
149,6,-30,1
149,14,-34,5
149,2,-30,3
149,5,-34,14
149,1,-148,1
149,17,-168,93
149,46,-182,61
149,43,-152,7
149,25,-150,6
149,7,-152,43
149,61,-182,46
149,93,-168,17
149,50,-150,3
149,14,-166,101
149,25,-160,37
149,21,-156,29
149,75,-150,2
149,29,-156,21
149,37,-160,25
149,101,-166,14
150,19,-23,1
150,1,-149,1
150,19,-161,49
150,37,-169,43
150,49,-189,69
150,101,-153,3
150,69,-189,49
150,43,-169,37
150,49,-161,19
151,38,-76,1
151,5,-78,23
151,11,-82,25
151,2,-76,19
151,25,-82,11
151,23,-78,5
151,1,-150,1
151,23,-156,20
151,25,-164,44
151,97,-160,8
151,44,-164,25
151,20,-156,23
151,8,-152,19
151,11,-164,100
151,61,-154,5
151,115,-156,4
151,5,-154,61
151,100,-164,11
152,17,-51,1
152,3,-53,23
152,33,-61,9
152,23,-53,3
152,1,-151,1
152,11,-161,71
152,19,-167,67
152,27,-159,23
152,9,-153,17
152,23,-159,27
152,67,-167,19
152,71,-161,11
153,25,-32,1
153,29,-34,2
153,5,-32,5
153,13,-38,10
153,1,-152,1
153,25,-170,58
153,131,-162,6
153,58,-170,25
153,77,-154,2
153,50,-170,29
153,103,-156,3
153,29,-170,50
153,122,-198,33
153,26,-174,69
153,22,-154,7
153,69,-174,26
153,21,-168,61
153,73,-164,13
153,11,-154,14
153,13,-164,73
154,1,-153,1
154,7,-159,67
154,59,-167,19
154,37,-161,17
154,5,-155,31
154,17,-161,37
154,19,-167,59
154,67,-159,7
155,39,-78,1
155,59,-80,2
155,13,-78,3
155,47,-84,6
155,1,-154,1
155,4,-156,39
155,8,-160,59
155,141,-168,8
155,12,-156,13
155,52,-156,3
155,47,-168,24
155,31,-166,31
156,35,-53,1
156,5,-53,7
156,25,-63,13
156,7,-53,5
156,1,-155,1
156,45,-171,29
156,25,-161,19
156,45,-159,7
156,35,-159,9
156,23,-181,95
156,49,-163,13
156,5,-159,63
156,145,-171,9
156,63,-159,5
156,13,-163,49
156,95,-181,23
156,9,-159,35
156,7,-159,45
156,19,-161,25
156,29,-171,45
157,1,-156,1
157,62,-166,13
157,139,-168,7
157,13,-166,62
157,151,-176,11
157,26,-166,31
157,79,-158,2
157,31,-166,26
158,1,-157,1
158,71,-189,39
158,29,-161,11
158,129,-165,5
158,11,-161,29
158,39,-189,71
158,43,-165,15
158,65,-175,23
158,13,-163,37
158,3,-159,53
158,37,-163,13
158,23,-175,65
159,10,-40,1
159,5,-40,2
159,17,-42,3
159,31,-48,6
159,40,-80,1
159,51,-84,4
159,5,-80,8
159,47,-88,8
159,12,-84,17
159,68,-84,3
159,11,-82,11
159,15,-90,31
159,1,-158,1
159,51,-168,16
159,121,-164,4
159,16,-168,51
159,93,-180,20
159,47,-176,32
159,5,-160,32
159,32,-176,47
159,155,-180,12
159,48,-168,17
159,107,-162,3
159,17,-168,48
159,124,-180,15
159,44,-164,11
159,60,-180,31
159,11,-164,44
160,1,-159,1
160,41,-193,73
160,19,-163,17
160,7,-161,23
160,17,-163,19
160,73,-193,41
161,2,-18,1
161,7,-20,3
161,3,-20,7
161,18,-54,1
161,26,-58,5
161,10,-58,13
161,2,-54,9
161,13,-58,10
161,5,-58,26
161,1,-160,1
161,70,-166,7
161,10,-166,49
161,65,-174,18
161,13,-164,25
161,26,-174,45
161,73,-168,9
161,5,-164,65
161,14,-166,35
161,81,-162,2
161,35,-166,14
161,65,-164,5
161,9,-168,73
161,45,-174,26
161,25,-164,13
161,18,-174,65
161,49,-166,10
161,7,-166,70
162,1,-161,1
162,31,-185,67
162,11,-175,107
162,129,-189,19
162,17,-167,29
162,109,-165,3
162,29,-167,17
162,19,-189,129
162,107,-175,11
162,67,-185,31
163,31,-42,1
163,37,-44,2
163,7,-46,17
163,19,-52,14
163,41,-82,1
163,7,-90,55
163,4,-84,31
163,55,-90,7
163,77,-90,5
163,11,-86,19
163,8,-88,37
163,19,-86,11
163,1,-162,1
163,17,-184,112
163,31,-168,16
163,7,-166,47
163,41,-164,4
163,47,-166,7
163,16,-168,31
163,112,-184,17
163,20,-180,77
163,35,-170,19
163,32,-176,37
163,11,-172,76
163,133,-170,5
163,76,-172,11
163,37,-176,32
163,19,-170,35
164,1,-163,1
164,55,-165,3
164,145,-175,7
164,109,-189,21
164,33,-165,5
164,11,-165,15
164,29,-173,29
164,37,-179,37
165,17,-20,1
165,37,-56,1
165,9,-60,17
165,47,-58,2
165,17,-60,9
165,1,-164,1
165,41,-182,38
165,18,-174,47
165,113,-200,29
165,9,-168,37
165,81,-180,17
165,83,-166,2
165,17,-180,81
165,37,-168,9
165,29,-200,113
165,47,-174,18
165,38,-182,41
166,1,-165,1
166,67,-169,5
166,13,-177,79
166,103,-185,17
166,37,-175,23
166,23,-175,37
166,17,-185,103
166,79,-177,13
166,5,-169,67
167,42,-84,1
167,21,-84,2
167,14,-84,3
167,6,-84,7
167,1,-166,1
167,127,-172,4
167,107,-176,8
167,21,-168,8
167,101,-180,12
167,56,-168,3
167,7,-168,24
167,97,-192,24
168,1,-13,1
168,5,-15,3
168,1,-167,1
168,21,-177,41
168,29,-199,101
168,161,-187,11
168,101,-199,29
168,41,-177,21
168,113,-171,3
168,73,-173,7
168,23,-181,53
168,137,-175,5
168,53,-181,23
168,7,-173,73
169,1,-168,1
169,31,-172,11
169,19,-180,55
169,5,-170,34
169,55,-180,19
169,11,-172,31
169,17,-170,10
169,13,-176,53
169,22,-194,107
169,85,-170,2
169,107,-194,22
169,53,-176,13
170,19,-57,1
170,7,-59,11
170,11,-59,7
170,1,-169,1
170,47,-175,11
170,41,-193,53
170,9,-177,77
170,7,-173,49
170,67,-179,13
170,9,-171,19
170,13,-179,67
170,49,-173,7
170,77,-177,9
170,53,-193,41
170,11,-175,47
171,43,-86,1
171,53,-102,15
171,26,-88,5
171,73,-90,3
171,5,-88,26
171,15,-102,53
171,83,-96,6
171,10,-88,13
171,17,-98,35
171,65,-88,2
171,35,-98,17
171,13,-88,10
171,1,-170,1
171,15,-174,23
171,20,-196,119
171,12,-180,73
171,119,-196,20
171,23,-174,15
171,115,-174,3
171,5,-174,69
171,19,-186,75
171,4,-172,43
171,75,-186,19
171,69,-174,5
171,24,-192,83
171,13,-176,40
171,35,-196,68
171,155,-184,8
171,68,-196,35
171,40,-176,13
171,8,-176,65
171,41,-178,17
171,31,-184,40
171,151,-182,7
171,40,-184,31
171,17,-178,41
172,13,-15,1
172,1,-171,1
172,109,-213,37
172,43,-185,29
172,73,-203,41
172,29,-185,43
172,37,-213,109
173,1,-172,1
173,22,-186,57
173,121,-210,30
173,57,-186,22
173,58,-174,3
173,66,-186,19
173,163,-190,10
173,19,-186,66
173,141,-180,5
173,38,-186,33
173,6,-174,29
173,33,-186,38
173,15,-180,47
173,114,-186,11
173,87,-174,2
173,11,-186,114
174,9,-13,1
174,7,-35,1
174,11,-41,11
174,39,-59,1
174,3,-59,13
174,11,-61,9
174,7,-63,23
174,9,-61,11
174,13,-59,3
174,1,-173,1
174,43,-185,25
174,81,-195,25
174,7,-175,25
174,25,-195,81
174,25,-185,43
174,23,-179,23
174,81,-183,11
174,13,-177,27
174,161,-189,9
174,27,-177,13
174,11,-183,81
175,14,-23,1
175,2,-23,7
175,7,-23,2
175,11,-44,1
175,8,-46,7
175,7,-46,8
175,44,-88,1
175,28,-104,29
175,19,-90,7
175,4,-88,11
175,7,-90,19
175,29,-104,28
175,1,-174,1
175,29,-198,77
175,76,-180,7
175,11,-176,16
175,7,-180,76
175,77,-198,29
175,103,-192,16
175,28,-180,19
175,31,-182,23
175,133,-180,4
175,23,-182,31
175,19,-180,28
176,1,-175,1
176,71,-179,5
176,51,-189,25
176,17,-185,53
176,15,-189,85
176,59,-177,3
176,85,-189,15
176,53,-185,17
176,25,-189,51
176,5,-179,71
177,1,-176,1
177,17,-180,21
177,34,-194,49
177,89,-178,2
177,49,-194,34
177,21,-180,17
177,119,-180,3
177,51,-180,7
177,14,-194,119
177,151,-186,6
177,119,-194,14
177,7,-180,51
178,29,-37,1
178,1,-177,1
178,67,-195,25
178,25,-185,29
178,157,-189,7
178,29,-185,25
178,25,-195,67
179,9,-16,1
179,3,-16,3
179,5,-30,1
179,3,-32,12
179,9,-32,4
179,12,-32,3
179,34,-46,1
179,26,-50,5
179,2,-46,17
179,10,-50,13
179,20,-60,1
179,27,-62,3
179,9,-62,9
179,3,-62,27
179,4,-60,5
179,23,-68,12
179,19,-66,11
179,12,-68,23
179,45,-90,1
179,40,-100,13
179,81,-96,4
179,13,-100,40
179,55,-110,19
179,8,-92,17
179,5,-90,9
179,17,-92,8
179,1,-178,1
179,13,-190,85
179,81,-192,16
179,85,-190,13
179,55,-220,76
179,115,-210,27
179,20,-180,9
179,27,-210,115
179,171,-198,11
179,108,-204,23
179,45,-180,4
179,23,-204,108
179,5,-180,36
179,17,-184,32
179,19,-182,19
179,32,-184,17
180,1,-179,1
180,123,-201,17
180,33,-183,11
180,51,-201,41
180,121,-183,3
180,41,-201,51
180,11,-183,33
180,17,-201,123
181,1,-180,1
181,73,-184,5
181,25,-186,22
181,11,-186,50
181,55,-186,10
181,91,-182,2
181,10,-186,55
181,50,-186,11
181,22,-186,25
181,5,-184,73
181,26,-182,7
181,35,-196,43
181,19,-208,143
181,74,-198,23
181,115,-216,31
181,13,-182,14
181,31,-216,115
181,23,-198,74
181,143,-208,19
181,43,-196,35
182,1,-181,1
182,79,-187,7
182,19,-189,39
182,59,-199,29
182,13,-189,57
182,89,-197,17
182,61,-183,3
182,17,-197,89
182,57,-189,13
182,29,-199,59
182,39,-189,19
182,7,-187,79
183,26,-32,1
183,13,-32,2
183,41,-62,1
183,59,-68,4
183,47,-72,8
183,13,-64,8
183,46,-92,1
183,26,-96,9
183,86,-100,5
183,9,-96,26
183,2,-92,23
183,13,-96,18
183,10,-100,43
183,18,-96,13
183,1,-182,1
183,41,-186,9
183,169,-198,9
183,9,-186,41
183,139,-188,4
183,59,-204,36
183,149,-190,5
183,36,-204,59
183,117,-192,8
183,72,-192,13
183,40,-200,43
183,13,-192,72
183,23,-184,8
183,17,-202,113
183,47,-216,72
183,113,-202,17
184,1,-183,1
184,7,-187,53
184,121,-197,11
184,77,-219,47
184,11,-197,121
184,53,-187,7
184,37,-185,5
184,61,-205,35
184,43,-189,13
184,19,-201,91
184,13,-189,43
184,35,-205,61
185,1,-184,1
185,11,-194,86
185,62,-186,3
185,86,-194,11
185,6,-186,31
185,43,-194,22
185,93,-186,2
185,22,-194,43
185,163,-196,7
185,29,-200,53
185,122,-210,21
185,53,-200,29
185,42,-210,61
185,58,-206,37
185,181,-208,13
185,37,-206,58
186,1,-185,1
186,75,-189,5
186,15,-189,25
186,125,-189,3
186,25,-189,15
186,5,-189,75
186,17,-187,11
186,43,-209,55
186,37,-197,31
186,145,-231,33
186,31,-197,37
186,55,-209,43
187,47,-94,1
187,13,-100,26
187,71,-96,2
187,26,-100,13
187,1,-186,1
187,53,-206,37
187,169,-200,8
187,37,-206,53
187,71,-192,8
187,13,-190,29
187,4,-188,47
187,29,-190,13
188,21,-63,1
188,7,-63,3
188,17,-65,5
188,19,-73,19
188,1,-187,1
188,27,-207,73
188,9,-195,85
188,7,-189,27
188,85,-195,9
188,73,-207,27
188,153,-195,5
188,61,-199,19
188,45,-195,17
188,31,-197,31
188,17,-195,45
188,19,-199,61
189,1,-188,1
189,21,-198,46
189,146,-210,15
189,46,-198,21
189,30,-210,73
189,23,-198,42
189,95,-190,2
189,42,-198,23
189,38,-190,5
189,7,-194,82
189,127,-192,3
189,82,-194,7
189,161,-198,6
189,41,-194,14
189,19,-190,10
189,14,-194,41
190,1,-189,1
190,31,-211,71
190,19,-205,83
190,181,-209,11
190,83,-205,19
190,71,-211,31
191,7,-13,1
191,3,-24,1
191,7,-26,4
191,4,-26,7
191,12,-48,1
191,33,-54,5
191,15,-54,11
191,3,-48,4
191,11,-54,15
191,5,-54,33
191,48,-96,1
191,60,-108,11
191,15,-102,23
191,61,-100,4
191,23,-102,15
191,11,-108,60
191,3,-96,16
191,64,-104,7
191,29,-98,5
191,55,-108,12
191,5,-98,29
191,7,-104,64
191,1,-190,1
191,11,-194,35
191,23,-204,60
191,61,-200,16
191,15,-204,92
191,21,-198,37
191,145,-196,4
191,37,-198,21
191,92,-204,15
191,16,-200,61
191,60,-204,23
191,35,-194,11
191,115,-204,12
191,7,-194,55
191,77,-194,5
191,55,-216,48
191,29,-196,20
191,28,-212,79
191,3,-192,64
191,79,-212,28
191,20,-196,29
191,48,-216,55
191,5,-194,77
191,55,-194,7
192,43,-65,1
192,13,-71,19
192,59,-69,3
192,19,-71,13
192,1,-191,1
192,73,-205,19
192,27,-207,59
192,91,-203,13
192,43,-195,9
192,11,-197,53
192,169,-203,7
192,53,-197,11
192,9,-195,43
192,13,-203,91
192,59,-207,27
192,19,-205,73
193,1,-192,1
193,17,-202,58
193,31,-216,79
193,157,-200,5
193,79,-216,31
193,58,-202,17
193,181,-210,10
193,43,-212,47
193,29,-202,34
193,97,-194,2
193,34,-202,29
193,47,-212,43
194,1,-193,1
194,23,-197,17
194,131,-229,29
194,65,-195,3
194,29,-229,131
194,17,-197,23
194,39,-195,5
194,47,-219,57
194,31,-199,19
194,13,-195,15
194,19,-199,31
194,57,-219,47
195,1,-4,1
195,4,-8,1
195,1,-14,1
195,11,-18,3
195,22,-26,1
195,11,-26,2
195,4,-28,1
195,3,-30,11
195,37,-50,1
195,11,-52,8
195,47,-54,3
195,8,-52,11
195,49,-98,1
195,39,-114,23
195,12,-108,47
195,23,-114,39
195,83,-102,3
195,32,-104,11
195,4,-100,37
195,11,-104,32
195,1,-194,1
195,39,-228,92
195,48,-216,47
195,23,-228,156
195,4,-196,49
195,156,-228,23
195,47,-216,48
195,92,-228,39
195,131,-198,3
195,13,-202,61
195,37,-200,16
195,11,-208,128
195,12,-204,83
195,128,-208,11
195,16,-200,37
195,61,-202,13
196,1,-195,1
196,79,-199,5
196,25,-211,65
196,13,-205,77
196,65,-231,59
196,17,-201,35
196,85,-201,7
196,11,-205,91
196,157,-255,43
196,91,-205,11
196,7,-201,85
196,35,-201,17
196,59,-231,65
196,77,-205,13
196,65,-211,25
196,5,-199,79
197,22,-66,1
197,29,-76,13
197,2,-66,11
197,13,-76,29
197,1,-196,1
197,9,-204,89
197,22,-198,9
197,89,-204,9
197,134,-218,17
197,46,-202,13
197,29,-228,117
197,26,-202,23
197,99,-198,2
197,79,-210,18
197,11,-198,18
197,18,-210,79
197,17,-218,134
197,23,-202,26
197,117,-228,29
197,13,-202,46
198,1,-197,1
198,35,-205,23
198,49,-233,79
198,133,-201,3
198,79,-233,49
198,23,-205,35
198,161,-205,5
198,57,-201,7
198,21,-201,19
198,193,-221,13
198,19,-201,21
198,7,-201,57
199,2,-4,1
199,1,-6,1
199,14,-16,1
199,2,-16,7
199,2,-20,1
199,25,-30,1
199,8,-32,7
199,8,-40,1
199,23,-44,4
199,50,-100,1
199,25,-110,23
199,25,-120,46
199,2,-100,25
199,46,-120,25
199,23,-110,25
199,1,-198,1
199,25,-220,92
199,49,-210,25
199,8,-200,25
199,25,-210,49
199,92,-220,25
199,127,-208,8
199,49,-238,89
199,97,-214,17
199,151,-204,4
199,17,-214,97
199,89,-238,49
200,1,-199,1
200,13,-203,31
200,19,-227,157
200,123,-219,17
200,39,-213,37
200,67,-201,3
200,37,-213,39
200,17,-219,123
200,157,-227,19
200,31,-203,13
201,45,-68,1
201,15,-68,3
201,5,-68,9
201,41,-78,10
201,19,-70,6
201,57,-70,2
201,6,-70,19
201,10,-78,41
201,9,-68,5
201,3,-68,15
201,1,-200,1
201,29,-214,50
201,37,-216,45
201,41,-234,90
201,25,-214,58
201,101,-202,2
201,58,-214,25
201,90,-234,41
201,45,-216,37
201,50,-214,29
201,191,-220,11
201,19,-208,43
201,61,-206,10
201,81,-204,5
201,38,-210,27
201,185,-216,9
201,27,-210,38
201,5,-204,81
201,10,-206,61
201,43,-208,19
202,1,-201,1
202,11,-205,37
202,121,-227,23
202,31,-215,47
202,29,-203,7
202,47,-215,31
202,23,-227,121
202,37,-205,11
203,19,-22,1
203,14,-24,3
203,33,-42,1
203,4,-44,19
203,3,-42,11
203,24,-48,7
203,51,-102,1
203,42,-120,25
203,25,-110,19
203,77,-104,2
203,19,-110,25
203,25,-120,42
203,61,-108,6
203,22,-104,7
203,14,-104,11
203,17,-102,3
203,11,-104,14
203,7,-104,22
203,1,-202,1
203,25,-210,33
203,25,-220,76
203,183,-216,8
203,76,-220,25
203,33,-210,25
203,4,-204,51
203,132,-252,43
203,100,-220,19
203,8,-208,77
203,19,-220,100
203,43,-252,132
203,17,-204,12
203,159,-246,31
203,7,-208,88
203,175,-240,24
203,88,-208,7
203,31,-246,159
203,3,-204,68
203,11,-208,56
203,37,-212,28
203,24,-216,61
203,28,-212,37
203,56,-208,11
204,1,-203,1
204,83,-221,23
204,5,-205,41
204,23,-221,83
204,157,-225,15
204,89,-227,29
204,137,-207,3
204,29,-227,89
205,1,-204,1
205,59,-208,7
205,49,-212,17
205,26,-226,91
205,13,-216,97
205,83,-230,34
205,14,-222,137
205,103,-206,2
205,137,-222,14
205,34,-230,83
205,97,-216,13
205,91,-226,26
205,17,-212,49
205,7,-208,59
206,23,-69,1
206,3,-71,31
206,33,-73,5
206,11,-73,15
206,45,-77,7
206,15,-73,11
206,5,-73,33
206,31,-71,3
206,1,-205,1
206,131,-237,27
206,83,-209,5
206,47,-223,41
206,25,-211,25
206,41,-223,47
206,5,-209,83
206,27,-237,131
206,181,-217,7
206,135,-219,11
206,35,-231,81
206,31,-213,27
206,9,-207,23
206,27,-213,31
206,81,-231,35
206,11,-219,135
207,13,-52,1
207,33,-54,2
207,22,-54,3
207,6,-54,11
207,52,-104,1
207,8,-108,33
207,13,-104,4
207,33,-108,8
207,79,-120,12
207,11,-108,24
207,88,-108,3
207,24,-108,11
207,1,-206,1
207,67,-218,19
207,121,-224,16
207,19,-218,67
207,157,-212,4
207,32,-216,33
207,13,-208,16
207,33,-216,32
207,199,-228,12
207,96,-216,11
207,39,-234,79
207,11,-216,96
207,139,-210,3
207,71,-264,96
207,29,-214,29
207,96,-264,71
208,1,-207,1
208,13,-215,65
208,169,-215,5
208,65,-215,13
208,71,-261,89
208,43,-239,83
208,11,-209,19
208,83,-239,43
209,1,-208,1
209,41,-218,26
209,6,-210,35
209,26,-218,41
209,70,-210,3
209,13,-218,82
209,105,-210,2
209,82,-218,13
209,42,-210,5
209,130,-250,37
209,7,-210,30
209,37,-250,130
209,14,-210,15
209,91,-224,19
209,10,-210,21
209,19,-224,91
210,47,-71,1
210,7,-73,17
210,17,-73,7
210,1,-209,1
210,7,-215,91
210,49,-215,13
210,9,-213,47
210,17,-219,63
210,61,-243,63
210,193,-225,9
210,63,-243,61
210,63,-219,17
210,47,-213,9
210,13,-215,49
210,91,-215,7
211,10,-27,1
211,5,-27,2
211,17,-31,4
211,2,-27,5
211,40,-54,1
211,5,-54,8
211,17,-62,16
211,8,-54,5
211,53,-106,1
211,32,-108,5
211,17,-114,29
211,19,-112,20
211,95,-112,4
211,20,-112,19
211,29,-114,17
211,5,-108,32
211,1,-210,1
211,145,-236,20
211,25,-214,17
211,41,-234,65
211,16,-224,95
211,65,-234,41
211,17,-214,25
211,20,-236,145
211,205,-234,13
211,80,-224,19
211,29,-228,68
211,85,-214,5
211,53,-212,4
211,5,-214,85
211,68,-228,29
211,19,-224,80
212,1,-211,1
212,61,-215,7
212,41,-219,21
212,3,-213,71
212,21,-219,41
212,7,-215,61
212,201,-231,11
212,133,-247,31
212,23,-221,47
212,33,-231,67
212,47,-221,23
212,31,-247,133
213,1,-212,1
213,13,-216,33
213,26,-226,59
213,107,-214,2
213,59,-226,26
213,33,-216,13
213,143,-216,3
213,39,-216,11
213,22,-238,133
213,181,-222,6
213,133,-238,22
213,11,-216,39
213,173,-220,5
213,34,-218,19
213,38,-218,17
213,199,-230,10
213,17,-218,38
213,19,-218,34
213,209,-238,14
213,53,-258,102
213,41,-244,89
213,187,-224,7
213,89,-244,41
213,102,-258,53
214,1,-213,1
214,145,-235,17
214,59,-219,11
214,67,-227,23
214,29,-229,61
214,5,-215,43
214,61,-229,29
214,23,-227,67
214,11,-219,59
214,17,-235,145
215,6,-36,1
215,3,-36,2
215,24,-72,1
215,43,-76,4
215,41,-80,8
215,3,-72,8
215,54,-108,1
215,18,-120,41
215,9,-114,43
215,27,-108,2
215,43,-114,9
215,41,-120,18
215,1,-214,1
215,43,-228,36
215,97,-222,9
215,163,-220,4
215,9,-222,97
215,36,-228,43
215,8,-216,27
215,103,-242,31
215,83,-234,27
215,137,-224,8
215,27,-234,83
215,31,-242,103
216,1,-215,1
216,5,-219,87
216,105,-231,17
216,21,-231,85
216,17,-231,105
216,87,-219,5
216,31,-217,7
216,51,-231,35
216,29,-219,15
216,145,-219,3
216,15,-219,29
216,35,-231,51
217,1,-216,1
217,11,-230,142
217,94,-222,7
217,133,-236,17
217,38,-258,131
217,23,-220,19
217,43,-228,31
217,14,-222,47
217,71,-230,22
217,109,-218,2
217,22,-230,71
217,47,-222,14
217,31,-228,43
217,19,-220,23
217,131,-258,38
217,17,-236,133
217,7,-222,94
217,142,-230,11
218,1,-217,1
218,23,-251,173
218,69,-255,65
218,3,-219,73
218,65,-255,69
218,173,-251,23
218,177,-225,5
218,101,-227,11
218,103,-229,13
218,15,-225,59
218,13,-229,103
218,11,-227,101
219,31,-38,1
219,35,-40,2
219,14,-40,5
219,10,-40,7
219,49,-74,1
219,4,-76,31
219,67,-78,3
219,35,-80,8
219,56,-88,11
219,56,-80,5
219,7,-74,7
219,23,-86,23
219,55,-110,1
219,45,-120,14
219,9,-114,31
219,5,-110,11
219,31,-114,9
219,14,-120,45
219,83,-112,2
219,7,-118,73
219,35,-120,18
219,63,-120,10
219,18,-120,35
219,73,-118,7
219,1,-218,1
219,31,-228,36
219,49,-222,9
219,4,-220,55
219,9,-222,49
219,36,-228,31
219,8,-224,83
219,67,-234,27
219,35,-240,72
219,197,-232,8
219,72,-240,35
219,27,-234,67
219,5,-220,44
219,56,-264,99
219,19,-246,171
219,20,-220,11
219,171,-246,19
219,99,-264,56
219,40,-240,63
219,152,-248,23
219,63,-222,7
219,135,-270,47
219,7,-222,63
219,23,-248,152
220,1,-219,1
220,19,-227,47
220,13,-221,17
220,47,-227,19
220,193,-231,7
220,23,-225,29
220,71,-261,71
220,29,-225,23
221,1,-220,1
221,5,-224,89
221,73,-236,25
221,31,-242,82
221,46,-274,145
221,106,-234,15
221,3,-222,74
221,15,-234,106
221,145,-274,46
221,82,-242,31
221,25,-236,73
221,89,-224,5
221,37,-222,6
221,30,-234,53
221,39,-228,23
221,41,-242,62
221,69,-228,13
221,10,-226,67
221,111,-222,2
221,67,-226,10
221,13,-228,69
221,62,-242,41
221,23,-228,39
221,53,-234,30
222,1,-221,1
222,87,-231,13
222,37,-243,69
222,17,-229,53
222,109,-239,19
222,39,-231,29
222,149,-225,3
222,29,-231,39
222,19,-239,109
222,53,-229,17
222,69,-243,37
222,13,-231,87
223,14,-56,1
223,7,-56,2
223,26,-60,5
223,10,-60,13
223,56,-112,1
223,71,-116,4
223,65,-120,8
223,7,-112,8
223,29,-132,44
223,104,-120,5
223,35,-140,52
223,13,-114,13
223,1,-222,1
223,71,-232,16
223,169,-228,4
223,16,-232,71
223,7,-224,32
223,65,-240,32
223,127,-252,28
223,32,-240,65
223,211,-242,11
223,149,-258,29
223,181,-230,5
223,29,-258,149
223,53,-246,53
223,13,-228,52
223,37,-234,37
223,52,-228,13
224,1,-15,1
224,7,-19,5
224,9,-45,1
224,11,-47,5
224,9,-51,17
224,5,-47,11
224,25,-75,1
224,17,-85,25
224,37,-81,7
224,31,-83,11
224,1,-223,1
224,7,-229,97
224,101,-231,9
224,37,-243,63
224,25,-225,9
224,63,-243,37
224,9,-231,101
224,97,-229,7
224,217,-247,13
224,31,-247,91
224,25,-245,103
224,11,-227,41
224,43,-239,43
224,41,-227,11
224,103,-245,25
224,91,-247,31
225,1,-224,1
225,101,-252,33
225,11,-230,62
225,151,-228,3
225,62,-230,11
225,33,-252,101
225,191,-234,6
225,31,-230,22
225,134,-250,23
225,113,-226,2
225,23,-250,134
225,22,-230,31
226,1,-225,1
226,91,-229,5
226,65,-239,25
226,35,-229,13
226,7,-229,65
226,73,-237,19
226,29,-257,133
226,43,-243,49
226,49,-243,43
226,133,-257,29
226,19,-237,73
226,65,-229,7
226,13,-229,35
226,25,-239,65
226,5,-229,91
227,43,-58,1
227,51,-60,2
227,34,-60,3
227,6,-60,17
227,57,-114,1
227,4,-116,43
227,111,-126,7
227,51,-120,8
227,3,-114,19
227,97,-132,12
227,21,-126,37
227,17,-118,17
227,1,-226,1
227,43,-232,16
227,57,-228,4
227,16,-232,43
227,28,-252,111
227,51,-240,32
227,199,-238,7
227,32,-240,51
227,12,-228,19
227,92,-244,23
227,76,-228,3
227,23,-244,92
227,148,-252,21
227,17,-236,68
227,84,-252,37
227,68,-236,17
228,15,-17,1
228,3,-17,5
228,5,-17,3
228,37,-47,1
228,17,-49,5
228,5,-49,17
228,51,-77,1
228,17,-77,3
228,11,-81,19
228,33,-95,25
228,19,-81,11
228,3,-77,17
228,1,-227,1
228,43,-237,27
228,11,-241,149
228,25,-235,37
228,99,-243,19
228,17,-231,27
228,209,-243,9
228,27,-231,17
228,19,-243,99
228,37,-235,25
228,149,-241,11
228,27,-237,43
229,1,-228,1
229,55,-260,71
229,106,-238,11
229,5,-230,46
229,11,-238,106
229,71,-260,55
229,23,-230,10
229,22,-238,53
229,43,-252,67
229,115,-230,2
229,67,-252,43
229,53,-238,22
230,1,-229,1
230,87,-243,19
230,17,-235,41
230,7,-231,33
230,41,-235,17
230,19,-243,87
230,11,-231,21
230,47,-263,89
230,57,-243,29
230,3,-231,77
230,29,-243,57
230,89,-263,47
231,58,-116,1
231,70,-132,15
231,25,-118,7
231,79,-128,10
231,6,-120,49
231,10,-128,79
231,7,-118,25
231,15,-132,70
231,98,-120,3
231,5,-118,35
231,21,-120,14
231,51,-126,13
231,29,-116,2
231,13,-126,51
231,14,-120,21
231,35,-118,5
231,1,-230,1
231,15,-234,31
231,28,-236,25
231,156,-252,17
231,24,-240,49
231,17,-252,156
231,25,-236,28
231,31,-234,15
231,175,-264,24
231,68,-252,39
231,100,-236,7
231,95,-266,47
231,175,-236,4
231,47,-266,95
231,7,-236,100
231,39,-252,68
231,221,-252,12
231,35,-236,20
231,56,-240,21
231,109,-242,13
231,8,-232,29
231,13,-242,109
231,21,-240,56
231,20,-236,35
231,147,-240,8
231,51,-252,52
231,56,-264,75
231,93,-234,5
231,155,-234,3
231,5,-234,93
231,75,-264,56
231,52,-252,51
232,1,-231,1
232,67,-263,59
232,37,-237,19
232,47,-259,73
232,19,-237,37
232,59,-263,67
233,26,-78,1
233,35,-80,3
233,9,-88,49
233,53,-90,10
233,49,-88,9
233,3,-80,35
233,21,-80,5
233,7,-80,15
233,31,-82,6
233,13,-78,2
233,6,-82,31
233,15,-80,7
233,1,-232,1
233,113,-248,17
233,155,-250,14
233,65,-260,53
233,14,-250,155
233,17,-248,113
233,217,-250,10
233,29,-256,101
233,35,-240,27
233,9,-234,26
233,27,-240,35
233,101,-256,29
233,45,-270,106
233,7,-236,67
233,109,-262,34
233,117,-234,2
233,34,-262,109
233,67,-236,7
233,13,-234,18
233,31,-246,54
233,58,-266,73
233,189,-240,5
233,73,-266,58
233,54,-246,31
234,1,-233,1
234,181,-277,31
234,35,-245,41
234,31,-277,181
234,55,-275,97
234,17,-253,143
234,157,-237,3
234,143,-253,17
234,47,-235,5
234,13,-241,73
234,205,-245,7
234,73,-241,13
234,221,-253,11
234,109,-267,39
234,179,-255,15
234,39,-267,109
235,59,-118,1
235,11,-130,73
235,13,-122,23
235,89,-120,2
235,23,-122,13
235,73,-130,11
235,1,-234,1
235,11,-238,43
235,52,-244,23
235,211,-248,8
235,23,-244,52
235,43,-238,11
235,89,-240,8
235,92,-244,13
235,73,-260,44
235,4,-236,59
235,44,-260,73
235,13,-244,92
236,1,-235,1
236,95,-239,5
236,19,-239,25
236,39,-267,103
236,33,-243,29
236,11,-241,65
236,55,-241,13
236,57,-255,43
236,15,-249,113
236,3,-237,79
236,113,-249,15
236,43,-255,57
236,13,-241,55
236,65,-241,11
236,29,-243,33
236,103,-267,39
236,25,-239,19
236,5,-239,95
237,53,-80,1
237,67,-82,2
237,31,-84,7
237,61,-98,14
237,1,-236,1
237,9,-240,53
237,217,-252,9
237,53,-240,9
237,119,-238,2
237,67,-246,18
237,229,-260,13
237,18,-246,67
237,34,-238,7
237,37,-250,46
237,31,-244,31
237,46,-250,37
237,17,-238,14
237,74,-250,23
237,153,-306,62
237,23,-250,74
238,1,-237,1
238,7,-243,103
238,19,-265,185
238,53,-253,37
238,35,-275,139
238,193,-245,5
238,139,-275,35
238,37,-253,53
238,185,-265,19
238,103,-243,7
239,19,-31,1
239,17,-33,3
239,15,-60,1
239,12,-66,17
239,4,-62,19
239,3,-60,5
239,19,-62,4
239,17,-66,12
239,60,-120,1
239,16,-124,19
239,11,-126,39
239,4,-120,15
239,39,-126,11
239,19,-124,16
239,12,-120,5
239,13,-126,33
239,48,-132,17
239,3,-120,20
239,17,-132,48
239,33,-126,13
239,1,-238,1
239,156,-252,11
239,44,-252,39
239,181,-244,4
239,39,-252,44
239,11,-252,156
239,139,-256,16
239,76,-284,79
239,51,-246,19
239,15,-240,16
239,19,-246,51
239,79,-284,76
239,5,-240,48
239,57,-246,17
239,187,-298,43
239,137,-260,20
239,43,-298,187
239,17,-246,57
239,143,-252,12
239,37,-242,13
239,33,-252,52
239,3,-240,80
239,52,-252,33
239,13,-242,37
240,1,-239,1
240,69,-243,7
240,77,-257,29
240,111,-249,11
240,47,-259,53
240,33,-249,37
240,107,-287,59
240,21,-243,23
240,161,-243,3
240,23,-243,21
240,59,-287,107
240,37,-249,33
240,53,-259,47
240,11,-249,111
240,29,-257,77
240,7,-243,69
241,2,-22,1
241,5,-24,5
241,1,-240,1
241,59,-258,38
241,35,-266,94
241,47,-266,70
241,19,-258,118
241,121,-242,2
241,118,-258,19
241,70,-266,47
241,94,-266,35
241,38,-258,59
241,235,-266,14
241,46,-274,95
241,10,-246,73
241,5,-244,97
241,190,-274,23
241,211,-252,7
241,23,-274,190
241,97,-244,5
241,73,-246,10
241,95,-274,46
242,3,-27,1
242,27,-81,1
242,9,-87,31
242,31,-87,9
242,1,-241,1
242,9,-249,109
242,109,-249,9
242,23,-271,167
242,47,-263,59
242,107,-275,41
242,167,-271,23
242,41,-275,107
242,59,-263,47
243,46,-62,1
243,23,-62,2
243,58,-66,3
243,29,-66,6
243,61,-122,1
243,8,-124,23
243,109,-128,4
243,23,-124,8
243,113,-130,5
243,24,-132,29
243,103,-126,3
243,29,-132,24
243,1,-242,1
243,32,-248,23
243,239,-270,15
243,23,-248,32
243,4,-244,61
243,32,-280,155
243,16,-256,109
243,155,-280,32
243,12,-252,103
243,151,-278,31
243,20,-260,113
243,31,-278,151
243,163,-246,3
243,69,-258,29
243,197,-250,5
243,29,-258,69
244,5,-35,1
244,17,-41,7
244,1,-243,1
244,43,-251,23
244,41,-259,49
244,73,-253,17
244,59,-271,61
244,13,-255,115
244,5,-245,49
244,115,-255,13
244,61,-271,59
244,17,-253,73
244,49,-259,41
244,23,-251,43
245,21,-24,1
245,7,-24,3
245,1,-244,1
245,121,-264,21
245,49,-282,102
245,57,-276,73
245,166,-290,37
245,61,-266,46
245,123,-246,2
245,46,-266,61
245,37,-290,166
245,73,-276,57
245,102,-282,49
245,21,-264,121
245,3,-246,82
245,106,-250,7
245,34,-262,67
245,79,-256,19
245,17,-248,29
245,14,-250,53
245,6,-246,41
245,53,-250,14
245,29,-248,17
245,19,-256,79
245,67,-262,34
245,7,-250,106
246,25,-29,1
246,5,-29,5
246,55,-83,1
246,5,-83,11
246,9,-87,25
246,31,-91,13
246,25,-87,9
246,11,-83,5
246,1,-245,1
246,11,-249,45
246,157,-295,43
246,117,-273,31
246,81,-261,25
246,151,-287,37
246,9,-249,55
246,99,-249,5
246,55,-271,61
246,13,-247,19
246,61,-271,55
246,5,-249,99
246,55,-249,9
246,37,-287,151
246,25,-261,81
246,31,-273,117
246,43,-295,157
246,45,-249,11
247,62,-124,1
247,7,-132,82
247,77,-148,22
247,11,-126,17
247,41,-132,14
247,2,-124,31
247,14,-132,41
247,17,-126,11
247,22,-148,77
247,82,-132,7
247,1,-246,1
247,7,-250,71
247,97,-282,49
247,44,-252,17
247,41,-264,56
247,8,-248,31
247,56,-264,41
247,17,-252,44
247,49,-282,97
247,71,-250,7
247,157,-256,8
247,77,-254,13
247,68,-252,11
247,107,-262,19
247,28,-268,101
247,187,-252,4
247,101,-268,28
247,19,-262,107
247,11,-252,68
247,13,-254,77
248,31,-37,1
248,23,-39,3
248,1,-247,1
248,31,-259,49
248,109,-287,49
248,69,-273,49
248,201,-255,5
248,49,-273,69
248,49,-287,109
248,49,-259,31
248,15,-255,67
248,147,-273,23
248,17,-269,167
248,13,-257,97
248,83,-249,3
248,97,-257,13
248,167,-269,17
248,23,-273,147
249,10,-50,1
249,5,-50,2
249,38,-54,3
249,19,-54,6
249,1,-248,1
249,50,-270,57
249,25,-260,61
249,50,-290,113
249,114,-270,25
249,125,-250,2
249,25,-270,114
249,113,-290,50
249,61,-260,25
249,57,-270,50
249,167,-252,3
249,19,-262,94
249,58,-254,13
249,26,-254,29
249,47,-262,38
249,211,-258,6
249,38,-262,47
249,29,-254,26
249,13,-254,58
249,94,-262,19
250,1,-249,1
250,11,-263,163
250,17,-265,121
250,41,-259,31
250,101,-267,23
250,241,-273,13
250,23,-267,101
250,31,-259,41
250,121,-265,17
250,163,-263,11
251,7,-42,1
251,10,-44,5
251,25,-44,2
251,5,-44,10
251,28,-84,1
251,40,-88,5
251,8,-88,25
251,5,-88,40
251,71,-96,8
251,19,-92,20
251,4,-84,7
251,20,-92,19
251,63,-126,1
251,22,-152,85
251,25,-132,18
251,5,-128,38
251,9,-126,7
251,38,-128,5
251,18,-132,25
251,85,-152,22
251,71,-140,14
251,19,-128,10
251,9,-132,50
251,29,-130,11
251,95,-128,2
251,11,-130,29
251,50,-132,9
251,10,-128,19
251,1,-250,1
251,45,-264,40
251,72,-264,25
251,11,-260,116
251,9,-252,28
251,116,-260,11
251,25,-264,72
251,40,-264,45
251,4,-252,63
251,40,-256,19
251,153,-270,17
251,44,-260,29
251,7,-252,36
251,29,-260,44
251,17,-270,153
251,19,-256,40
251,225,-264,8
251,101,-254,5
251,113,-258,9
251,43,-282,99
251,199,-326,55
251,99,-282,43
251,9,-258,113
251,5,-254,101
251,8,-256,95
251,20,-276,171
251,95,-276,36
251,59,-266,35
251,56,-280,71
251,35,-266,59
251,36,-276,95
251,171,-276,20
252,1,-251,1
252,109,-257,7
252,31,-273,93
252,61,-261,21
252,169,-255,3
252,21,-261,61
252,93,-273,31
252,7,-257,109
252,23,-253,11
252,77,-275,41
252,39,-255,13
252,29,-287,167
252,191,-297,33
252,167,-287,29
252,13,-255,39
252,41,-275,77
253,41,-52,1
253,47,-54,2
253,1,-252,1
253,50,-270,47
253,25,-260,41
253,50,-290,103
253,94,-270,25
253,127,-254,2
253,25,-270,94
253,103,-290,50
253,41,-260,25
253,47,-270,50
254,1,-253,1
254,73,-257,7
254,49,-261,21
254,85,-255,3
254,21,-261,49
254,7,-257,73
254,51,-255,5
254,35,-275,83
254,105,-285,41
254,17,-255,15
254,41,-285,105
254,83,-275,35
255,2,-6,1
255,8,-12,1
255,1,-16,1
255,9,-18,2
255,9,-22,1
255,3,-22,3
255,4,-32,1
255,8,-36,9
255,36,-44,1
255,12,-44,3
255,4,-44,9
255,3,-44,12
255,16,-64,1
255,7,-70,31
255,37,-68,4
255,19,-74,19
255,57,-86,1
255,19,-86,3
255,9,-88,16
255,12,-92,27
255,81,-92,4
255,27,-92,12
255,16,-88,9
255,3,-86,19
255,64,-128,1
255,16,-136,37
255,81,-132,4
255,37,-136,16
255,28,-140,31
255,19,-148,76
255,124,-140,7
255,76,-148,19
255,1,-254,1
255,203,-294,27
255,81,-264,16
255,83,-290,59
255,193,-260,4
255,59,-290,83
255,16,-264,81
255,27,-294,203
255,223,-266,7
255,149,-286,29
255,31,-278,103
255,27,-258,19
255,233,-270,9
255,19,-258,27
255,103,-278,31
255,29,-286,149
256,1,-255,1
256,103,-259,5
256,25,-261,31
256,41,-281,85
256,17,-263,61
256,115,-299,53
256,241,-275,11
256,53,-299,115
256,61,-263,17
256,85,-281,41
256,31,-261,25
256,5,-259,103
